Loan Balance,Deposit Balance,Non-Interest Income,Non-Interest Expense,Net Charge-Offs
77440.6752,98930.91711,6797.539503,5794.847918,1589.915897
85759.46832,89957.92821,7185.159769,5551.875706,2071.314973
80138.1688,73073.96811,8488.15598,8281.647947,320.7374817
77244.15915,89026.45881,5301.127358,5690.914757,3462.360597
71182.73997,55913.72129,8333.833577,5982.911808,2833.007271